"n","delta","scenario","kappa","is_threshold","theory_boundary","theory_usual","model","metric","total","successful","failed","estimate","mcse","mc_lower","mc_upper","failure_lower","failure_upper"
10000,0,1,0,FALSE,0.0500000000000001,0.0250000000000001,"GM","mass_zero",10000,10000,0,0.5663,0.00495584816151585,0.556563088749026,0.575985993067023,0.5663,0.5663
10000,0,1,0,FALSE,0.0500000000000001,0.0250000000000001,"GM","boundary",10000,10000,0,0.0411,0.00198521510169553,0.037382024827491,0.045170408877116,0.0411,0.0411
10000,0,1,0,FALSE,0.0500000000000001,0.0250000000000001,"GM","usual",10000,10000,0,0.0212,0.00144050546684141,0.0185550803887881,0.0242126364509718,0.0212,0.0212
1e+05,0,2,0,FALSE,0.0500000000000001,0.0250000000000001,"GM","mass_zero",10000,9999,1,0.518351835183518,0.00499688081670249,0.508552959184295,0.528136615624109,0.5183,0.5184
1e+05,0,2,0,FALSE,0.0500000000000001,0.0250000000000001,"GM","boundary",10000,9999,1,0.0431043104310431,0.00203102077534173,0.0392959460641819,0.0472636042781039,0.0431,0.0432
1e+05,0,2,0,FALSE,0.0500000000000001,0.0250000000000001,"GM","usual",10000,9999,1,0.0236023602360236,0.00151814339199798,0.0208047590763744,0.0267658698073902,0.0236,0.0237
1e+06,0,3,0,FALSE,0.0500000000000001,0.0250000000000001,"GM","mass_zero",10000,9997,3,0.511153346003801,0.00499950585607552,0.501352091613843,0.52094603209087,0.511,0.5113
1e+06,0,3,0,FALSE,0.0500000000000001,0.0250000000000001,"GM","boundary",10000,9997,3,0.0523156947084125,0.0022269629742736,0.0481203406809952,0.0568549719607965,0.0523,0.0526
1e+06,0,3,0,FALSE,0.0500000000000001,0.0250000000000001,"GM","usual",10000,9997,3,0.0267080124037211,0.00161252892146874,0.0237246933545376,0.0300549271939234,0.0267,0.027
1e+07,0,4,0,FALSE,0.0500000000000001,0.0250000000000001,"GM","mass_zero",10000,9992,8,0.496297037630104,0.00500186402473581,0.486496871198634,0.506100050200645,0.4959,0.4967
1e+07,0,4,0,FALSE,0.0500000000000001,0.0250000000000001,"GM","boundary",10000,9992,8,0.0489391513210568,0.00215827189875936,0.0448796233754497,0.0533453697745048,0.0489,0.0497
1e+07,0,4,0,FALSE,0.0500000000000001,0.0250000000000001,"GM","usual",10000,9992,8,0.0233186549239392,0.00150973937354385,0.0205377138488643,0.0264659787123147,0.0233,0.0241
