"n","model","tolerance","total","successful","failed","estimate","mcse","mc_lower","mc_upper","failure_lower","failure_upper"
10000,"GM",1e-09,10000,10000,0,0.5663,0.00495584816151585,0.556563088749026,0.575985993067023,0.5663,0.5663
10000,"GM",1e-07,10000,10000,0,0.5663,0.00495584816151585,0.556563088749026,0.575985993067023,0.5663,0.5663
10000,"GM",1e-05,10000,10000,0,0.567,0.00495490665906029,0.557264664191872,0.576683880026457,0.567,0.567
10000,"joint",1e-09,10000,10000,0,0.456,0.00498060237320748,0.446256954468654,0.465776837387966,0.456,0.456
10000,"joint",1e-07,10000,10000,0,0.456,0.00498060237320748,0.446256954468654,0.465776837387966,0.456,0.456
10000,"joint",1e-05,10000,10000,0,0.457,0.00498147568497529,0.447254859798993,0.466778164060885,0.457,0.457
1e+05,"GM",1e-09,10000,9999,1,0.518351835183518,0.00499688081670249,0.508552959184295,0.528136615624109,0.5183,0.5184
1e+05,"GM",1e-07,10000,9999,1,0.518351835183518,0.00499688081670249,0.508552959184295,0.528136615624109,0.5183,0.5184
1e+05,"GM",1e-05,10000,9999,1,0.51965196519652,0.00499638633554621,0.509853558506328,0.529435277732644,0.5196,0.5197
1e+05,"joint",1e-09,10000,10000,0,0.4099,0.00491814995704686,0.400296990298153,0.419572206208242,0.4099,0.4099
1e+05,"joint",1e-07,10000,10000,0,0.41,0.00491833305094318,0.400396593249863,0.419672526456858,0.41,0.41
1e+05,"joint",1e-05,10000,10000,0,0.4108,0.00491979023943095,0.401193431677308,0.420475073632021,0.4108,0.4108
1e+06,"GM",1e-09,10000,9997,3,0.511053315994798,0.00499952807821432,0.501252056498228,0.520846084034245,0.5109,0.5112
1e+06,"GM",1e-07,10000,9997,3,0.511153346003801,0.00499950585607552,0.501352091613843,0.52094603209087,0.511,0.5113
1e+06,"GM",1e-05,10000,9997,3,0.512453736120836,0.00499919874000583,0.502652583822986,0.52224532112084,0.5123,0.5126
1e+06,"joint",1e-09,10000,9997,3,0.39591877563269,0.00489120507027992,0.386373926831218,0.405543582453506,0.3958,0.3961
1e+06,"joint",1e-07,10000,9997,3,0.396118835650695,0.00489163048318027,0.38657307669709,0.405744398932114,0.396,0.3963
1e+06,"joint",1e-05,10000,9997,3,0.397219165749725,0.00489395497012964,0.387668430897449,0.40684885962639,0.3971,0.3974
1e+07,"GM",1e-09,10000,9992,8,0.496297037630104,0.00500186402473581,0.486496871198634,0.506100050200645,0.4959,0.4967
1e+07,"GM",1e-07,10000,9992,8,0.496297037630104,0.00500186402473581,0.486496871198634,0.506100050200645,0.4959,0.4967
1e+07,"GM",1e-05,10000,9992,8,0.496897518014412,0.00500190490740429,0.487097040732538,0.50670037989929,0.4965,0.4973
1e+07,"joint",1e-09,10000,9997,3,0.390717215164549,0.00487984335355218,0.381196619875325,0.400321764452942,0.3906,0.3909
1e+07,"joint",1e-07,10000,9997,3,0.390917275182555,0.00488029108629457,0.381395726021513,0.400522624651233,0.3908,0.3911
1e+07,"joint",1e-05,10000,9997,3,0.391917575272582,0.0048825168343484,0.382391282051367,0.401526900343774,0.3918,0.3921
