"age","baseline_exposure","null_rate"
30,0.0202450955875961,0.000401710738463753
31,0.0202365441880125,0.000443959025628833
32,0.0202270976316798,0.000490650603942187
33,0.0202166627020264,0.000542252778413158
34,0.0202051365834052,0.00059928200094794
35,0.0201924058965561,0.000662309039173846
36,0.020178345642488,0.00073196468887356
37,0.0201628180472997,0.000808946087201348
38,0.0201456713001304,0.000894023689866017
39,0.0201267381761733,0.000988048982110604
40,0.0201058345365179,0.00109196300066288
41,0.0200827576965428,0.00120680575194724
42,0.0200572846547036,0.0013337266208185
43,0.0200291701739074,0.00147399587399192
44,0.0199981447082892,0.00162901737329936
45,0.0199639121691956,0.00180034262601044
46,0.0199261475256261,0.00198968631283868
47,0.0198844942363978,0.00219894344904247
48,0.0198385615140261,0.0024302083503747
49,0.0197879214239095,0.00268579559369871
50,0.0197321058270752,0.00296826318205153
51,0.0196706031807026,0.00328043814599804
52,0.0196028552181719,0.00362544483750302
53,0.0195282535397807,0.00400673619949584
54,0.0194461361569008,0.00442812832408374
55,0.0193557840465958,0.00489383864528441
56,0.0192564177910373,0.00540852814852306
57,0.0191471943969177,0.00597734801934121
58,0.0190272044149774,0.00660599119819298
59,0.0188954695092471,0.00730074935730658
60,0.0187509406601621,0.0080685758698547
61,0.0185924972257524,0.00891715540165034
62,0.018418947130969,0.00985498082186513
63,0.018229028506944,0.0108914382025186
64,0.018021413159372,0.0120369007574416
65,0.0177947123074912,0.0133028326608872
66,0.0175474851009103,0.0147019037848395
67,0.0172782504883826,0.0162481165033509
68,0.0169855030769238,0.0179569458330084
69,0.0166677336761122,0.0198454943121005
70,0.0163234552636488,0.0219326631685692
71,0.0159512351244132,0.0242393414898516
72,0.0155497338934852,0.0267886152878884
73,0.0151177521577157,0.0296059985516909
74,0.0146542851206926,0.0327196885999185
75,0.0141585855891892,0.0361608482891213
76,0.013630235169541,0.0399639179020824
77,0.0130692230427659,0.0441669598377442
78,0.0124760309920205,0.04881203955249
79,0.0118517224653628,0.0539456465653702
80,0.0111980323629778,0.0596191597408346
81,0.0105174529538473,0.0658893615056768
82,0.00981330989656502,0.0728190061466472
83,0.00908982085099766,0.0804774478764463
84,0.00835212776752043,0.0889413349539972
85,0.00760629284297045,0.0982953768059827
86,0.00685924762540433,0.10863319182726
87,0.00611868518839958,0.120058244345221
88,0.00539288707601129,0.132684880125558
89,0.00469048022481618,0.14663947078312
90,0.00402012458274562,0.162061678551508
