"n","delta","scenario","kappa","is_threshold","theory_boundary","theory_usual"
10000,0,1,0,FALSE,0.0500000000000001,0.0250000000000001
1e+05,0,2,0,FALSE,0.0500000000000001,0.0250000000000001
1e+06,0,3,0,FALSE,0.0500000000000001,0.0250000000000001
1e+07,0,4,0,FALSE,0.0500000000000001,0.0250000000000001
10000,0.25,5,0.000160058014376045,FALSE,0.0815299917751184,0.043636266584789
1e+05,0.25,6,5.06147883192276e-05,FALSE,0.0815299917751184,0.043636266584789
1e+06,0.25,7,1.60058014376045e-05,FALSE,0.0815299917751184,0.043636266584789
1e+07,0.25,8,5.06147883192276e-06,FALSE,0.0815299917751184,0.043636266584789
10000,0.5,9,0.00032011602875209,FALSE,0.126134898193431,0.0721499862158802
1e+05,0.5,10,0.000101229576638455,FALSE,0.126134898193431,0.0721499862158802
1e+06,0.5,11,3.2011602875209e-05,FALSE,0.126134898193431,0.0721499862158802
1e+07,0.5,12,1.01229576638455e-05,FALSE,0.126134898193431,0.0721499862158802
10000,0.75,13,0.000480174043128135,FALSE,0.185432669430777,0.113146356526258
1e+05,0.75,14,0.000151844364957683,FALSE,0.185432669430777,0.113146356526258
1e+06,0.75,15,4.80174043128135e-05,FALSE,0.185432669430777,0.113146356526258
1e+07,0.75,16,1.51844364957683e-05,FALSE,0.185432669430777,0.113146356526258
10000,1,17,0.00064023205750418,FALSE,0.259511022841444,0.168536670710203
1e+05,1,18,0.00020245915327691,FALSE,0.259511022841444,0.168536670710203
1e+06,1,19,6.4023205750418e-05,FALSE,0.259511022841444,0.168536670710203
1e+07,1,20,2.0245915327691e-05,FALSE,0.259511022841444,0.168536670710203
10000,1.25,21,0.000800290071880224,FALSE,0.346475457613037,0.23886323519653
1e+05,1.25,22,0.000253073941596138,FALSE,0.346475457613037,0.23886323519653
1e+06,1.25,23,8.00290071880225e-05,FALSE,0.346475457613037,0.23886323519653
1e+07,1.25,24,2.53073941596138e-05,FALSE,0.346475457613037,0.23886323519653
10000,1.5,25,0.000960348086256269,FALSE,0.442413220250124,0.322771035956317
1e+05,1.5,26,0.000303688729915366,FALSE,0.442413220250124,0.322771035956317
1e+06,1.5,27,9.60348086256269e-05,FALSE,0.442413220250124,0.322771035956317
1e+07,1.5,28,3.03688729915366e-05,FALSE,0.442413220250124,0.322771035956317
10000,1.75,29,0.00112040610063231,FALSE,0.541870168577488,0.416847891311416
1e+05,1.75,30,0.000354303518234593,FALSE,0.541870168577488,0.416847891311416
1e+06,1.75,31,0.000112040610063231,FALSE,0.541870168577488,0.416847891311416
1e+07,1.75,32,3.54303518234593e-05,FALSE,0.541870168577488,0.416847891311416
10000,2,33,0.00128046411500836,FALSE,0.638760031312335,0.515967793442332
1e+05,2,34,0.000404918306553821,FALSE,0.638760031312335,0.515967793442332
1e+06,2,35,0.000128046411500836,FALSE,0.638760031312335,0.515967793442332
1e+07,2,36,4.04918306553821e-05,FALSE,0.638760031312335,0.515967793442332
10000,2.25,37,0.0014405221293844,FALSE,0.72745912788443,0.614105657565129
1e+05,2.25,38,0.000455533094873049,FALSE,0.72745912788443,0.614105657565129
1e+06,2.25,39,0.00014405221293844,FALSE,0.72745912788443,0.614105657565129
1e+07,2.25,40,4.55533094873049e-05,FALSE,0.72745912788443,0.614105657565129
10000,2.48647486052439,41,0.00159192091588595,TRUE,0.8,0.700733351314105
1e+05,2.48647486052439,42,0.000503409594906091,TRUE,0.8,0.700733351314105
1e+06,2.48647486052439,43,0.000159192091588595,TRUE,0.8,0.700733351314105
1e+07,2.48647486052439,44,5.03409594906091e-05,TRUE,0.8,0.700733351314105
10000,2.5,45,0.00160058014376045,FALSE,0.803764940015494,0.705413902442457
1e+05,2.5,46,0.000506147883192276,FALSE,0.803764940015494,0.705413902442457
1e+06,2.5,47,0.000160058014376045,FALSE,0.803764940015494,0.705413902442457
1e+07,2.5,48,5.06147883192276e-05,FALSE,0.803764940015494,0.705413902442457
10000,2.75,49,0.00176063815813649,FALSE,0.865451915261024,0.785246632337177
1e+05,2.75,50,0.000556762671511504,FALSE,0.865451915261024,0.785246632337177
1e+06,2.75,51,0.000176063815813649,FALSE,0.865451915261024,0.785246632337177
1e+07,2.75,52,5.56762671511504e-05,FALSE,0.865451915261024,0.785246632337177
10000,3,53,0.00192069617251254,FALSE,0.912314536750297,0.850838415795805
1e+05,3,54,0.000607377459830731,FALSE,0.912314536750297,0.850838415795805
1e+06,3,55,0.000192069617251254,FALSE,0.912314536750297,0.850838415795805
1e+07,3,56,6.07377459830731e-05,FALSE,0.912314536750297,0.850838415795805
